image,config,clickBudget,shapes,toolChanges,sizeChanges,colorChanges,alphaChanges,clicks,unsortedClicks,groupBoundaryChanges,rmse,ssim,deltaE00,genSeconds,paintMinutesAt30cps
texture,default,18000,15000,2964,480,2084,400,17999,37820,23,0.029363,0.67488,3.9304,36.1,10.00
texture,default,3000,1923,1055,220,671,164,3000,5750,1,0.036496,0.54576,4.7332,0.0,1.67
texture,default,6000,4314,1660,309,1104,247,5999,12404,7,0.033489,0.58794,4.3933,0.0,3.33
texture,default,9000,6896,2077,368,1418,291,9000,19209,10,0.031865,0.61869,4.2024,0.0,5.00
texture,default,12000,9540,2430,415,1679,336,12000,25599,15,0.030761,0.64229,4.0796,0.0,6.67
texture,default,15000,12241,2726,451,1905,370,15000,31776,20,0.029971,0.66046,3.9930,0.0,8.33
texture,prune,18000,15054,2896,470,2056,370,17986,37729,28,0.029182,0.67655,3.9118,5.7,9.99
texture,noAdaptive,18000,14969,2996,464,2143,389,18000,37370,19,0.029336,0.68162,3.9998,17.1,10.00
texture,noErrGuided,18000,15018,2946,467,2093,386,18000,37953,27,0.029361,0.67694,3.9535,35.8,10.00
texture,singleAlpha,18000,16490,1473,321,1152,0,18000,31554,19,0.042354,0.64013,6.2623,45.5,10.00
texture,opaque,18000,15034,2930,2226,704,0,18000,30961,16,0.071360,0.53320,8.3858,35.5,10.00
texture,alphaFloor0,18000,13319,4647,754,3248,645,18000,39131,27,0.026205,0.69065,3.1532,32.3,10.00
texture,fastGen,18000,14827,3138,541,2169,428,18000,38048,25,0.030266,0.66082,4.0757,18.9,10.00
texture,hiStates,18000,14987,2978,479,2117,382,18000,37664,28,0.029292,0.67746,3.9517,39.8,10.00
texture,sa,18000,14969,2996,490,2082,424,18000,37626,23,0.028922,0.68491,3.9160,58.9,10.00
texture,exactRank,18000,15043,2921,463,2041,417,18000,37892,26,0.029270,0.67708,3.9492,78.0,10.00
texture,alphaFloor2,18000,15843,2121,460,1200,461,18000,36800,20,0.041434,0.62672,5.9336,36.9,10.00
texture,seedB,18000,14974,2991,494,2084,413,18000,37875,20,0.029359,0.67542,3.9684,33.7,10.00
glyphs,default,18000,13852,4114,1015,2123,976,18000,42015,27,0.117364,0.76934,7.5893,50.7,10.00
glyphs,default,3000,1873,1104,291,516,297,2999,5966,2,0.184335,0.44683,12.6114,0.0,1.67
glyphs,default,6000,4123,1850,477,892,481,5998,12929,10,0.161994,0.56361,10.8539,0.0,3.33
glyphs,default,9000,6505,2467,618,1213,636,8999,20132,14,0.146896,0.63822,9.7501,0.0,5.00
glyphs,default,12000,8939,3031,752,1525,754,11999,27396,17,0.135556,0.69400,8.9143,0.0,6.67
glyphs,default,15000,11361,3607,893,1843,871,15000,34670,26,0.125795,0.73637,8.1957,0.0,8.33
glyphs,prune,18000,13852,4001,951,2109,941,17887,42002,27,0.115947,0.77075,7.5255,2.7,9.94
glyphs,noAdaptive,18000,13333,4633,1225,2315,1093,18000,40667,26,0.118506,0.76686,7.6392,45.7,10.00
glyphs,noErrGuided,18000,13668,4298,1164,2160,974,18000,41106,24,0.123283,0.75229,8.0658,54.9,10.00
glyphs,singleAlpha,18000,15837,2127,715,1412,0,18000,34714,26,0.114558,0.78049,7.3723,66.8,10.00
glyphs,opaque,18000,15761,2203,1275,928,0,18000,34530,15,0.126492,0.86368,8.5560,47.2,10.00
glyphs,alphaFloor0,18000,12709,5258,1344,2489,1425,18000,39903,27,0.127587,0.73438,8.1233,46.3,10.00
glyphs,fastGen,18000,13513,4453,1129,2352,972,18000,41014,29,0.125506,0.73742,8.0923,28.4,10.00
portrait,default,18000,13609,4357,717,3099,541,18000,34927,23,0.014188,0.94427,2.4752,78.3,10.00
portrait,default,3000,1483,1494,350,860,284,2999,4766,3,0.021646,0.90100,3.2424,0.0,1.67
portrait,default,6000,3571,2405,501,1520,384,6000,10924,6,0.017732,0.91790,2.8509,0.0,3.33
portrait,default,9000,5984,2990,585,1973,432,9000,17311,10,0.016103,0.92876,2.6789,0.0,5.00
portrait,default,12000,8472,3499,644,2380,475,12000,23348,15,0.015157,0.93570,2.5816,0.0,6.67
portrait,default,15000,11020,3948,684,2750,514,15000,29231,21,0.014577,0.94059,2.5215,0.0,8.33
portrait,prune,18000,13706,4257,679,3041,537,17997,34992,24,0.013958,0.94417,2.4647,5.5,10.00
portrait,noAdaptive,18000,14086,3879,643,2747,489,18000,34574,27,0.013626,0.94847,2.3766,17.2,10.00
portrait,noErrGuided,18000,13756,4210,711,2954,545,18000,35143,27,0.014495,0.94559,2.4230,85.3,10.00
portrait,singleAlpha,18000,15308,2656,441,2215,0,18000,32848,20,0.024043,0.90628,4.0833,105.5,10.00
portrait,opaque,18000,11580,6388,3382,3006,0,18000,30267,21,0.068962,0.89029,10.4917,81.5,10.00
portrait,alphaFloor0,18000,11541,6427,1206,4150,1071,18000,35006,24,0.011152,0.95630,1.6856,65.4,10.00
portrait,fastGen,18000,13318,4646,789,3245,612,17998,35388,24,0.014957,0.93957,2.5618,39.6,10.00
skyline,default,18000,12882,5084,878,3411,795,17999,38543,25,0.023588,0.92269,3.0047,57.4,10.00
skyline,default,3000,1658,1318,303,702,313,2998,5474,3,0.057742,0.75108,5.4792,0.0,1.67
skyline,default,6000,3696,2280,481,1316,483,6000,12075,8,0.040528,0.83864,4.3564,0.0,3.33
skyline,default,9000,5865,3109,592,1913,604,9000,18831,13,0.032424,0.87878,3.8084,0.0,5.00
skyline,default,12000,8110,3861,710,2461,690,12000,25420,20,0.028090,0.90000,3.4468,0.0,6.67
skyline,default,15000,10463,4506,800,2958,748,15000,32012,24,0.025571,0.91345,3.1927,0.0,8.33
skyline,prune,18000,12882,4961,884,3333,744,17876,38467,26,0.023315,0.92322,2.9895,2.8,9.93
skyline,noAdaptive,18000,13550,4415,755,3043,617,17999,38632,27,0.020832,0.93466,2.7338,17.9,10.00
skyline,noErrGuided,18000,12772,5194,932,3445,817,17999,38589,24,0.024423,0.91898,3.0726,59.0,10.00
skyline,singleAlpha,18000,15283,2681,560,2121,0,18000,36093,22,0.027452,0.90811,4.3299,78.8,10.00
skyline,opaque,18000,14821,3144,1222,1922,0,18000,36787,23,0.054783,0.87575,9.4216,57.0,10.00
skyline,alphaFloor0,18000,11168,6799,1279,4155,1365,17999,36519,25,0.025602,0.91886,2.8375,58.4,10.00
skyline,fastGen,18000,12675,5292,982,3467,843,18000,38528,26,0.026850,0.91005,3.2566,29.7,10.00
skyline,hiStates,18000,13065,4901,900,3243,758,18000,38622,32,0.022719,0.92572,2.9359,69.3,10.00
skyline,sa,18000,12957,5010,849,3349,812,18000,38310,29,0.022133,0.92754,2.8513,100.2,10.00
skyline,exactRank,18000,13214,4752,863,3159,730,18000,39172,22,0.022766,0.92505,2.9241,135.5,10.00
skyline,alphaFloor2,18000,14678,3287,609,2267,411,18000,37584,22,0.027357,0.90866,4.3319,64.8,10.00
skyline,seedB,18000,12944,5023,886,3365,772,18000,38673,25,0.023413,0.92300,2.9925,57.7,10.00
mosaic,default,18000,10572,7396,1060,5378,958,17999,33530,22,0.051011,0.74064,4.7314,34.0,10.00
mosaic,default,3000,1260,1718,351,1030,337,3000,4293,2,0.090988,0.59170,7.1879,0.0,1.67
mosaic,default,6000,2863,3114,546,2049,519,6000,9630,5,0.076803,0.63901,6.2095,0.0,3.33
mosaic,default,9000,4661,4313,706,2947,660,8999,15495,9,0.066997,0.67790,5.6526,0.0,5.00
mosaic,default,12000,6550,5423,848,3797,778,12000,21527,15,0.060101,0.70415,5.2613,0.0,6.67
mosaic,default,15000,8531,6440,959,4603,878,15000,27602,19,0.054785,0.72616,4.9471,0.0,8.33
mosaic,prune,18000,10645,7258,976,5373,909,17934,33618,20,0.049839,0.74090,4.6189,5.1,9.96
mosaic,noAdaptive,18000,10851,7118,997,5179,942,18000,34080,21,0.048350,0.75323,4.5795,16.5,10.00
mosaic,noErrGuided,18000,10481,7487,1066,5483,938,17999,33298,23,0.051852,0.73883,4.7548,35.9,10.00
mosaic,singleAlpha,18000,12968,4999,726,4273,0,18000,32368,22,0.056751,0.73956,5.9519,46.7,10.00
mosaic,opaque,18000,10850,7119,2246,4873,0,18000,29537,20,0.112612,0.76808,13.0476,36.3,10.00
mosaic,alphaFloor0,18000,9042,8927,1544,5919,1464,17999,30396,24,0.056634,0.71903,4.5631,36.4,10.00
mosaic,fastGen,18000,10405,7564,1081,5536,947,18000,33045,23,0.054427,0.72644,4.9029,17.8,10.00
